<?xml version="1.0" encoding="UTF-8"?>
<project-private xmlns="http://www.netbeans.org/ns/project-private/1">
    <editor-bookmarks xmlns="http://www.netbeans.org/ns/editor-bookmarks/2" lastBookmarkId="0"/>
    <open-files xmlns="http://www.netbeans.org/ns/projectui-open-files/2">
        <group>
            <file>file:/Users/janulouw/NetBeansProjects/ST10473736%20A1%20Part%201/test/loginTest.java</file>
            <file>file:/Users/janulouw/NetBeansProjects/ST10473736%20A1%20Part%201/src/proga1/loginUI.java</file>
            <file>file:/Users/janulouw/NetBeansProjects/ST10473736%20A1%20Part%201/src/proga1/signupUI.java</file>
        </group>
    </open-files>
</project-private>
